Level,Proposed datum m,Width m,Depth m,Atrium diameter m,Terrace depth m
1,0.0,200.0,200.0,110.00000000000001,23.0
2,6.0,174.158,174.158,95.78667918449983,20.02812382948633
3,12.0,150.361,150.361,82.69858785569463,17.291522915281604
4,18.0,128.689,128.689,70.77893107960848,14.799231043918137
5,24.0,109.235,109.235,60.07919819459688,12.562014167961165
6,30.0,92.114,92.114,50.66248190124143,10.593064397532299
7,36.0,77.471,77.471,42.609131288624596,8.909181996712414
8,42.0,65.505,65.505,36.027502085698785,7.533023163373382
9,48.0,56.506,56.506,31.07831822145826,6.498193809941273
10,54.0,51.005,51.005,28.052806100339968,5.865586730071084
11,60.0,50.437,50.437,27.740513284420988,5.800289141288025
12,66.0,52.831,52.831,29.056844375662862,6.0755220058204165
13,72.0,56.746,56.746,31.21012102304394,6.525752577545551
14,78.0,61.952,61.952,34.0736372821143,7.124487795351172
15,84.0,68.323,68.323,37.577465849206945,7.85710649574327
16,90.0,75.772,75.772,41.67446362615389,8.713751485468539
17,96.0,84.236,84.236,46.32967256291993,9.687113354065076
18,102.0,93.665,93.665,51.51564246922943,10.771452516293426
19,108.0,104.018,104.018,57.209971512192084,11.962084952549253
20,114.0,115.262,115.262,63.39386215624039,13.255080269032081
21,120.0,127.366,127.366,70.0512056639411,14.647070275187684
22,126.0,140.305,140.305,77.1679677277728,16.13512052489795
23,132.0,154.058,154.058,84.73175765018784,17.716640235948365
24,138.0,168.603,168.603,92.73151544848069,19.389316866500508
25,144.0,183.922,183.922,101.15727799478744,21.151067217091917
26,150.0,200.0,200.0,110.00000000000001,23.0
27,156.0,174.158,174.158,95.78667918449983,20.02812382948633
28,162.0,150.361,150.361,82.69858785569463,17.291522915281604
29,168.0,128.689,128.689,70.77893107960848,14.799231043918137
30,174.0,109.235,109.235,60.07919819459688,12.562014167961165
31,180.0,92.114,92.114,50.66248190124143,10.593064397532299
32,186.0,77.471,77.471,42.609131288624596,8.909181996712414
33,192.0,65.505,65.505,36.027502085698785,7.533023163373382
34,198.0,56.506,56.506,31.07831822145826,6.498193809941273
35,204.0,51.005,51.005,28.052806100339968,5.865586730071084
36,210.0,50.437,50.437,27.740513284420988,5.800289141288025
37,216.0,52.831,52.831,29.056844375662862,6.0755220058204165
38,222.0,56.746,56.746,31.21012102304394,6.525752577545551
39,228.0,61.952,61.952,34.0736372821143,7.124487795351172
40,234.0,68.323,68.323,37.577465849206945,7.85710649574327
41,240.0,75.772,75.772,41.67446362615389,8.713751485468539
42,246.0,84.236,84.236,46.32967256291993,9.687113354065076
43,252.0,93.665,93.665,51.51564246922943,10.771452516293426
44,258.0,104.018,104.018,57.209971512192084,11.962084952549253
45,264.0,115.262,115.262,63.39386215624039,13.255080269032081
46,270.0,127.366,127.366,70.0512056639411,14.647070275187684
47,276.0,140.305,140.305,77.1679677277728,16.13512052489795
48,282.0,154.058,154.058,84.73175765018784,17.716640235948365
49,288.0,168.603,168.603,92.73151544848069,19.389316866500508
50,294.0,183.922,183.922,101.15727799478744,21.151067217091917
51,300.0,200.0,200.0,110.00000000000001,23.0
52,306.0,174.158,174.158,95.78667918449983,20.02812382948633
53,312.0,150.361,150.361,82.69858785569463,17.291522915281604
54,318.0,128.689,128.689,70.77893107960848,14.799231043918137
55,324.0,109.235,109.235,60.07919819459688,12.562014167961165
56,330.0,92.114,92.114,50.66248190124143,10.593064397532299
57,336.0,77.471,77.471,42.609131288624596,8.909181996712414
58,342.0,65.505,65.505,36.027502085698785,7.533023163373382
59,348.0,56.506,56.506,31.07831822145826,6.498193809941273
60,354.0,51.005,51.005,28.052806100339968,5.865586730071084
61,360.0,50.437,50.437,27.740513284420988,5.800289141288025
62,366.0,52.831,52.831,29.056844375662862,6.0755220058204165
63,372.0,56.746,56.746,31.21012102304394,6.525752577545551
64,378.0,61.952,61.952,34.0736372821143,7.124487795351172
65,384.0,68.323,68.323,37.577465849206945,7.85710649574327
66,390.0,75.772,75.772,41.67446362615389,8.713751485468539
67,396.0,84.236,84.236,46.32967256291993,9.687113354065076
68,402.0,93.665,93.665,51.51564246922943,10.771452516293426
69,408.0,104.018,104.018,57.209971512192084,11.962084952549253
70,414.0,115.262,115.262,63.39386215624039,13.255080269032081
71,420.0,127.366,127.366,70.0512056639411,14.647070275187684
72,426.0,140.305,140.305,77.1679677277728,16.13512052489795
73,432.0,154.058,154.058,84.73175765018784,17.716640235948365
74,438.0,168.603,168.603,92.73151544848069,19.389316866500508
75,444.0,183.922,183.922,101.15727799478744,21.151067217091917
76,450.0,200.0,200.0,110.00000000000001,23.0
77,456.0,174.158,174.158,95.78667918449983,20.02812382948633
78,462.0,150.361,150.361,82.69858785569463,17.291522915281604
79,468.0,128.689,128.689,70.77893107960848,14.799231043918137
80,474.0,109.235,109.235,60.07919819459688,12.562014167961165
81,480.0,92.114,92.114,50.66248190124143,10.593064397532299
82,486.0,77.471,77.471,42.609131288624596,8.909181996712414
83,492.0,65.505,65.505,36.027502085698785,7.533023163373382
84,498.0,56.506,56.506,31.07831822145826,6.498193809941273
85,504.0,51.005,51.005,28.052806100339968,5.865586730071084
86,510.0,50.437,50.437,27.740513284420988,5.800289141288025
87,516.0,52.831,52.831,29.056844375662862,6.0755220058204165
88,522.0,56.746,56.746,31.21012102304394,6.525752577545551
89,528.0,61.952,61.952,34.0736372821143,7.124487795351172
90,534.0,68.323,68.323,37.577465849206945,7.85710649574327
91,540.0,75.772,75.772,41.67446362615389,8.713751485468539
92,546.0,84.236,84.236,46.32967256291993,9.687113354065076
93,552.0,93.665,93.665,51.51564246922943,10.771452516293426
94,558.0,104.018,104.018,57.209971512192084,11.962084952549253
95,564.0,115.262,115.262,63.39386215624039,13.255080269032081
96,570.0,127.366,127.366,70.0512056639411,14.647070275187684
97,576.0,140.305,140.305,77.1679677277728,16.13512052489795
98,582.0,154.058,154.058,84.73175765018784,17.716640235948365
99,588.0,168.603,168.603,92.73151544848069,19.389316866500508
100,594.0,183.922,183.922,101.15727799478744,21.151067217091917